wl,CIE1931_x,CIE1931_y,CIE1931_z,CIE1964_x,CIE1964_y,CIE1964_z
380,0.0013680000,0.0000390000,0.0064500010,0.0001599520,0.0000173640,0.0007047760
381,0.0015020500,0.0000428264,0.0070832160,0.0002150800,0.0000233270,0.0009482300
382,0.0016423280,0.0000469146,0.0077454880,0.0002874900,0.0000311500,0.0012682000
383,0.0018023820,0.0000515896,0.0085011520,0.0003819900,0.0000413500,0.0016861000
384,0.0019957570,0.0000571764,0.0094145440,0.0005045500,0.0000545600,0.0022285000
385,0.0022360000,0.0000640000,0.0105499900,0.0006624400,0.0000715600,0.0029278000
386,0.0025353850,0.0000723442,0.0119658000,0.0008645000,0.0000933000,0.0038237000
387,0.0028926030,0.0000822122,0.0136558700,0.0011215000,0.0001208700,0.0049642000
388,0.0033008290,0.0000935082,0.0155880500,0.0014461600,0.0001556400,0.0064067000
389,0.0037532360,0.0001061361,0.0177301500,0.0018535900,0.0001992000,0.0082193000
390,0.0042430000,0.0001200000,0.0200500100,0.0023616000,0.0002534000,0.0104822000
391,0.0047623890,0.0001349840,0.0225113600,0.0029906000,0.0003202000,0.0132890000
392,0.0053300480,0.0001514920,0.0252028800,0.0037645000,0.0004024000,0.0167470000
393,0.0059787120,0.0001702080,0.0282797200,0.0047102000,0.0005023000,0.0209800000
394,0.0067411170,0.0001918160,0.0318970400,0.0058581000,0.0006232000,0.0261270000
395,0.0076500000,0.0002170000,0.0362100000,0.0072423000,0.0007685000,0.0323440000
396,0.0087513730,0.0002469067,0.0414377100,0.0088996000,0.0009417000,0.0398020000
397,0.0100288800,0.0002812400,0.0475037200,0.0108709000,0.0011478000,0.0486910000
398,0.0114217000,0.0003185200,0.0541198800,0.0131989000,0.0013903000,0.0592100000
399,0.0128690100,0.0003572667,0.0609980300,0.0159292000,0.0016740000,0.0715760000
400,0.0143100000,0.0003960000,0.0678500100,0.0191097000,0.0020044000,0.0860109000
401,0.0157044300,0.0004337147,0.0744863200,0.0227880000,0.0023860000,0.1027400000
402,0.0171474400,0.0004730240,0.0813615600,0.0270110000,0.0028220000,0.1220000000
403,0.0187812200,0.0005178760,0.0891536400,0.0318290000,0.0033190000,0.1440200000
404,0.0207480100,0.0005722187,0.0985404800,0.0372780000,0.0038800000,0.1689900000
405,0.0231900000,0.0006400000,0.1102000000,0.0434000000,0.0045090000,0.1971200000
406,0.0262073600,0.0007245600,0.1246133000,0.0502230000,0.0052090000,0.2285700000
407,0.0297824800,0.0008255000,0.1417017000,0.0577640000,0.0059850000,0.2634700000
408,0.0338809200,0.0009411600,0.1613035000,0.0660380000,0.0068330000,0.3019000000
409,0.0384682400,0.0010698800,0.1832568000,0.0750330000,0.0077570000,0.3438700000
410,0.0435100000,0.0012100000,0.2074000000,0.0847360000,0.0087560000,0.3893660000
411,0.0489956000,0.0013620910,0.2336921000,0.0950410000,0.0098160000,0.4379700000
412,0.0550226000,0.0015307520,0.2626114000,0.1058360000,0.0109180000,0.4892200000
413,0.0617188000,0.0017203680,0.2947746000,0.1170660000,0.0120580000,0.5429000000
414,0.0692120000,0.0019353230,0.3307985000,0.1286820000,0.0132370000,0.5988100000
415,0.0776300000,0.0021800000,0.3713000000,0.1406380000,0.0144560000,0.6567600000
416,0.0869581100,0.0024548000,0.4162091000,0.1528930000,0.0157170000,0.7165800000
417,0.0971767200,0.0027640000,0.4654642000,0.1654160000,0.0170250000,0.7781200000
418,0.1084063000,0.0031178000,0.5196948000,0.1781910000,0.0183990000,0.8413100000
419,0.1207672000,0.0035264000,0.5795303000,0.1912140000,0.0198480000,0.9061100000
420,0.1343800000,0.0040000000,0.6456000000,0.2044920000,0.0213910000,0.9725420000
421,0.1493582000,0.0045462400,0.7184838000,0.2176500000,0.0229920000,1.0389000000
422,0.1653957000,0.0051593200,0.7967133000,0.2302670000,0.0245980000,1.1031000000
423,0.1819831000,0.0058292800,0.8778459000,0.2423110000,0.0262130000,1.1651000000
424,0.1986110000,0.0065461600,0.9594390000,0.2537930000,0.0278410000,1.2249000000
425,0.2147700000,0.0073000000,1.0390501000,0.2647370000,0.0294970000,1.2825000000
426,0.2301868000,0.0080865070,1.1153673000,0.2751950000,0.0311950000,1.3382000000
427,0.2448797000,0.0089087200,1.1884971000,0.2853010000,0.0329270000,1.3926000000
428,0.2587773000,0.0097676800,1.2581233000,0.2951430000,0.0347380000,1.4461000000
429,0.2718079000,0.0106644300,1.3239296000,0.3048690000,0.0366540000,1.4994000000
430,0.2839000000,0.0116000000,1.3856000000,0.3146790000,0.0386760000,1.5534800000
431,0.2949438000,0.0125731700,1.4426352000,0.3243550000,0.0407920000,1.6072000000
432,0.3048965000,0.0135827200,1.4948035000,0.3335700000,0.0429460000,1.6589000000
433,0.3137873000,0.0146296800,1.5421903000,0.3422430000,0.0451140000,1.7082000000
434,0.3216454000,0.0157150900,1.5848807000,0.3503120000,0.0473330000,1.7548000000
435,0.3285000000,0.0168400000,1.6229600000,0.3577190000,0.0496020000,1.7985000000
436,0.3343513000,0.0180073600,1.6564048000,0.3644820000,0.0519340000,1.8392000000
437,0.3392101000,0.0192144800,1.6852959000,0.3704930000,0.0543370000,1.8766000000
438,0.3431213000,0.0204539200,1.7098745000,0.3757270000,0.0568220000,1.9105000000
439,0.3461296000,0.0217182400,1.7303821000,0.3801580000,0.0593990000,1.9408000000
440,0.3482800000,0.0230000000,1.7470600000,0.3837340000,0.0620770000,1.9672800000
441,0.3495999000,0.0242946100,1.7600446000,0.3863270000,0.0647370000,1.9891000000
442,0.3501474000,0.0256102400,1.7696233000,0.3878580000,0.0672850000,2.0057000000
443,0.3500130000,0.0269585700,1.7762637000,0.3883960000,0.0697640000,2.0174000000
444,0.3492870000,0.0283512500,1.7804334000,0.3879780000,0.0722180000,2.0244000000
445,0.3480600000,0.0298000000,1.7826000000,0.3867260000,0.0747040000,2.0273000000
446,0.3463733000,0.0313108300,1.7829682000,0.3846960000,0.0772720000,2.0264000000
447,0.3442624000,0.0328836800,1.7816998000,0.3820060000,0.0799790000,2.0223000000
448,0.3418088000,0.0345211200,1.7791982000,0.3787090000,0.0828740000,2.0153000000
449,0.3390941000,0.0362257100,1.7758671000,0.3749150000,0.0860000000,2.0060000000
450,0.3362000000,0.0380000000,1.7721100000,0.3707020000,0.0894560000,1.9948000000
451,0.3331977000,0.0398466700,1.7682589000,0.3660890000,0.0929470000,1.9814000000
452,0.3300411000,0.0417680000,1.7640390000,0.3610450000,0.0962750000,1.9653000000
453,0.3266357000,0.0437660000,1.7589438000,0.3555180000,0.0995350000,1.9464000000
454,0.3228868000,0.0458426700,1.7524663000,0.3494860000,0.1028290000,1.9248000000
455,0.3187000000,0.0480000000,1.7441000000,0.3429570000,0.1062560000,1.9007000000
456,0.3140251000,0.0502436800,1.7335595000,0.3358930000,0.1099010000,1.8741000000
457,0.3088840000,0.0525730400,1.7208581000,0.3282840000,0.1138350000,1.8451000000
458,0.3032904000,0.0549805600,1.7059369000,0.3201500000,0.1181670000,1.8139000000
459,0.2972579000,0.0574587200,1.6887372000,0.3114750000,0.1229320000,1.7806000000
460,0.2908000000,0.0600000000,1.6692000000,0.3022730000,0.1282010000,1.7453700000
461,0.2839701000,0.0626019700,1.6475287000,0.2928580000,0.1334570000,1.7091000000
462,0.2767214000,0.0652775200,1.6234127000,0.2835020000,0.1383230000,1.6723000000
463,0.2689178000,0.0680420800,1.5960223000,0.2740440000,0.1430420000,1.6347000000
464,0.2604227000,0.0709110900,1.5645280000,0.2642630000,0.1477870000,1.5956000000
465,0.2511000000,0.0739000000,1.5281000000,0.2540850000,0.1527610000,1.5549000000
466,0.2408475000,0.0770160000,1.4861114000,0.2433920000,0.1581020000,1.5122000000
467,0.2298512000,0.0802664000,1.4395215000,0.2321870000,0.1639410000,1.4673000000
468,0.2184072000,0.0836668000,1.3898799000,0.2204880000,0.1703620000,1.4199000000
469,0.2068115000,0.0872328000,1.3387362000,0.2081980000,0.1774250000,1.3700000000
470,0.1953600000,0.0909800000,1.2876400000,0.1956180000,0.1851900000,1.3175600000
471,0.1842136000,0.0949175500,1.2374223000,0.1830340000,0.1930250000,1.2624000000
472,0.1733273000,0.0990458400,1.1878243000,0.1702220000,0.2003130000,1.2050000000
473,0.1626881000,0.1033674000,1.1387611000,0.1573480000,0.2071560000,1.1466000000
474,0.1522833000,0.1078846000,1.0901480000,0.1446500000,0.2136440000,1.0880000000
475,0.1421000000,0.1126000000,1.0419000000,0.1323490000,0.2199400000,1.0302000000
476,0.1321786000,0.1175320000,0.9941976000,0.1205840000,0.2261700000,0.9738300000
477,0.1225696000,0.1226744000,0.9473473000,0.1094560000,0.2324670000,0.9194300000
478,0.1132752000,0.1279928000,0.9014531000,0.0990420000,0.2390250000,0.8674600000
479,0.1042979000,0.1334528000,0.8566193000,0.0893880000,0.2459970000,0.8182800000
480,0.0956400000,0.1390200000,0.8129501000,0.0805070000,0.2535890000,0.7721250000
481,0.0872995500,0.1446764000,0.7705173000,0.0720340000,0.2618760000,0.7282900000
482,0.0793080400,0.1504693000,0.7294448000,0.0637100000,0.2706430000,0.6860400000
483,0.0717177600,0.1564619000,0.6899136000,0.0556940000,0.2796450000,0.6455300000
484,0.0645809900,0.1627177000,0.6521049000,0.0481170000,0.2886940000,0.6068500000
485,0.0579500100,0.1693000000,0.6162000000,0.0410720000,0.2976650000,0.5700600000
486,0.0518621100,0.1762431000,0.5823286000,0.0346420000,0.3064690000,0.5352200000
487,0.0462815200,0.1835581000,0.5504162000,0.0288960000,0.3150350000,0.5023400000
488,0.0411508800,0.1912735000,0.5203376000,0.0238760000,0.3233350000,0.4714000000
489,0.0364128300,0.1994180000,0.4919673000,0.0196280000,0.3313660000,0.4423900000
490,0.0320100000,0.2080200000,0.4651800000,0.0161720000,0.3391330000,0.4152540000
491,0.0279172000,0.2171199000,0.4399246000,0.0133000000,0.3478600000,0.3900240000
492,0.0241444000,0.2267345000,0.4161836000,0.0107590000,0.3583260000,0.3663990000
493,0.0206870000,0.2368571000,0.3938822000,0.0085420000,0.3700010000,0.3440150000
494,0.0175404000,0.2474812000,0.3729459000,0.0066610000,0.3824640000,0.3226890000
495,0.0147000000,0.2586000000,0.3533000000,0.0051320000,0.3953790000,0.3023560000
496,0.0121617900,0.2701849000,0.3348578000,0.0039820000,0.4084820000,0.2830360000
497,0.0099199600,0.2822939000,0.3175521000,0.0032390000,0.4215880000,0.2648160000
498,0.0079672400,0.2950505000,0.3013375000,0.0029340000,0.4346190000,0.2478480000
499,0.0062963460,0.3085780000,0.2861686000,0.0031140000,0.4476010000,0.2323180000
500,0.0049000000,0.3230000000,0.2720000000,0.0038160000,0.4607770000,0.2185020000
501,0.0037771730,0.3384021000,0.2588171000,0.0050950000,0.4743400000,0.2058510000
502,0.0029453200,0.3546858000,0.2464838000,0.0069360000,0.4882000000,0.1935960000
503,0.0024248800,0.3716986000,0.2347718000,0.0092990000,0.5023400000,0.1817360000
504,0.0022362930,0.3892875000,0.2234533000,0.0121470000,0.5167400000,0.1702810000
505,0.0024000000,0.4073000000,0.2123000000,0.0154440000,0.5313600000,0.1592490000
506,0.0029255200,0.4256299000,0.2011692000,0.0191560000,0.5461900000,0.1486730000
507,0.0038365600,0.4443096000,0.1901196000,0.0232500000,0.5611800000,0.1386090000
508,0.0051748400,0.4633944000,0.1792254000,0.0276900000,0.5762900000,0.1290960000
509,0.0069820800,0.4829395000,0.1685608000,0.0324440000,0.5915000000,0.1202150000
510,0.0093000000,0.5030000000,0.1582000000,0.0374650000,0.6067410000,0.1120440000
511,0.0121494900,0.5235693000,0.1481383000,0.0429560000,0.6221500000,0.1047100000
512,0.0155358800,0.5445120000,0.1383758000,0.0491140000,0.6378300000,0.0981960000
513,0.0194775200,0.5656900000,0.1289942000,0.0559200000,0.6537100000,0.0923610000
514,0.0239927700,0.5869653000,0.1200751000,0.0633490000,0.6696800000,0.0870880000
515,0.0291000000,0.6082000000,0.1117000000,0.0713580000,0.6856600000,0.0822480000
516,0.0348148500,0.6293456000,0.1039048000,0.0799010000,0.7015500000,0.0777440000
517,0.0411201600,0.6503068000,0.0966674800,0.0889090000,0.7172300000,0.0734560000
518,0.0479850400,0.6708752000,0.0899827200,0.0982930000,0.7325700000,0.0692680000
519,0.0553786100,0.6908424000,0.0838453100,0.1079490000,0.7474600000,0.0650600000
520,0.0632700000,0.7100000000,0.0782499900,0.1177490000,0.7617570000,0.0607090000
521,0.0716350100,0.7281852000,0.0732089900,0.1278390000,0.7753400000,0.0564570000
522,0.0804622400,0.7454636000,0.0686781600,0.1384500000,0.7882200000,0.0526090000
523,0.0897399600,0.7619694000,0.0645678400,0.1495160000,0.8004600000,0.0491220000
524,0.0994564500,0.7778368000,0.0607883500,0.1610410000,0.8121400000,0.0459540000
525,0.1096000000,0.7932000000,0.0572500100,0.1729530000,0.8233300000,0.0430500000
526,0.1201674000,0.8081104000,0.0539043500,0.1852090000,0.8341200000,0.0403680000
527,0.1311145000,0.8224962000,0.0507466400,0.1977550000,0.8446000000,0.0378390000
528,0.1423679000,0.8363068000,0.0477527600,0.2105380000,0.8548700000,0.0353840000
529,0.1538542000,0.8494916000,0.0448985900,0.2234600000,0.8650400000,0.0329490000
530,0.1655000000,0.8620000000,0.0421600000,0.2364910000,0.8752110000,0.0304510000
531,0.1772571000,0.8738108000,0.0395072800,0.2496330000,0.8853700000,0.0280290000
532,0.1891400000,0.8849624000,0.0369356400,0.2629720000,0.8953700000,0.0258620000
533,0.2011694000,0.8954936000,0.0344583600,0.2765150000,0.9051500000,0.0239200000
534,0.2133658000,0.9054432000,0.0320887200,0.2902690000,0.9146500000,0.0221740000
535,0.2257499000,0.9148501000,0.0298400000,0.3042130000,0.9238100000,0.0205840000
536,0.2383209000,0.9237348000,0.0277118100,0.3183610000,0.9325500000,0.0191270000
537,0.2510668000,0.9320924000,0.0256944400,0.3327050000,0.9408100000,0.0177400000
538,0.2639922000,0.9399226000,0.0237871600,0.3472320000,0.9485200000,0.0164030000
539,0.2771017000,0.9472252000,0.0219892500,0.3619260000,0.9556000000,0.0150640000
540,0.2904000000,0.9540000000,0.0203000000,0.3767720000,0.9619880000,0.0136760000
541,0.3038912000,0.9602561000,0.0187180500,0.3916830000,0.9675400000,0.0123080000
542,0.3175726000,0.9660074000,0.0172403600,0.4065940000,0.9722300000,0.0110560000
543,0.3314384000,0.9712606000,0.0158636400,0.4215390000,0.9761700000,0.0099150000
544,0.3454828000,0.9760225000,0.0145846100,0.4365170000,0.9794600000,0.0088720000
545,0.3597000000,0.9803000000,0.0134000000,0.4515840000,0.9822000000,0.0079180000
546,0.3740839000,0.9840924000,0.0123072300,0.4667820000,0.9845200000,0.0070300000
547,0.3886396000,0.9874182000,0.0113018800,0.4821470000,0.9865200000,0.0062230000
548,0.4033784000,0.9903128000,0.0103779200,0.4977380000,0.9883200000,0.0054530000
549,0.4183115000,0.9928116000,0.0095293060,0.5136060000,0.9900200000,0.0047140000
550,0.4334499000,0.9949501000,0.0087499990,0.5298260000,0.9917610000,0.0039880000
551,0.4487953000,0.9967108000,0.0080352000,0.5464400000,0.9935300000,0.0032890000
552,0.4643360000,0.9980983000,0.0073816000,0.5634260000,0.9952300000,0.0026460000
553,0.4800640000,0.9991120000,0.0067854000,0.5807260000,0.9967700000,0.0020630000
554,0.4959713000,0.9997482000,0.0062428000,0.5982900000,0.9980900000,0.0015330000
555,0.5120501000,1.0000000000,0.0057499990,0.6160530000,0.9991100000,0.0010910000
556,0.5282959000,0.9998567000,0.0053036000,0.6339480000,0.9997700000,0.0007110000
557,0.5446916000,0.9993046000,0.0048998000,0.6519010000,1.0000000000,0.0004070000
558,0.5612094000,0.9983255000,0.0045342000,0.6698240000,0.9997100000,0.0001840000
559,0.5778215000,0.9968987000,0.0042024000,0.6876320000,0.9988500000,0.0000470000
560,0.5945000000,0.9950000000,0.0039000000,0.7052240000,0.9973400000,0.0000000000
561,0.6112209000,0.9926005000,0.0036232000,0.7227730000,0.9952600000,0.0000000000
562,0.6279758000,0.9897426000,0.0033706000,0.7404830000,0.9927400000,0.0000000000
563,0.6447602000,0.9864444000,0.0031414000,0.7582730000,0.9897500000,0.0000000000
564,0.6615697000,0.9827241000,0.0029348000,0.7760830000,0.9863000000,0.0000000000
565,0.6784000000,0.9786000000,0.0027499990,0.7938320000,0.9823800000,0.0000000000
566,0.6952392000,0.9740837000,0.0025852000,0.8114360000,0.9779800000,0.0000000000
567,0.7120586000,0.9691712000,0.0024386000,0.8288220000,0.9731100000,0.0000000000
568,0.7288284000,0.9638568000,0.0023094000,0.8458790000,0.9677400000,0.0000000000
569,0.7455188000,0.9581349000,0.0021968000,0.8625250000,0.9618900000,0.0000000000
570,0.7621000000,0.9520000000,0.0021000000,0.8786550000,0.9555520000,0.0000000000
571,0.7785432000,0.9454504000,0.0020177330,0.8942080000,0.9486010000,0.0000000000
572,0.7948256000,0.9384992000,0.0019482000,0.9092060000,0.9409810000,0.0000000000
573,0.8109264000,0.9311628000,0.0018898000,0.9236720000,0.9327980000,0.0000000000
574,0.8268248000,0.9234576000,0.0018409330,0.9376380000,0.9241580000,0.0000000000
575,0.8425000000,0.9154000000,0.0018000000,0.9511620000,0.9151750000,0.0000000000
576,0.8579325000,0.9070064000,0.0017662670,0.9642830000,0.9059540000,0.0000000000
577,0.8730816000,0.8982772000,0.0017378000,0.9770680000,0.8966080000,0.0000000000
578,0.8878944000,0.8892048000,0.0017112000,0.9895900000,0.8872490000,0.0000000000
579,0.9023181000,0.8797816000,0.0016830670,1.0019100000,0.8779860000,0.0000000000
580,0.9163000000,0.8700000000,0.0016500010,1.0141600000,0.8689340000,0.0000000000
581,0.9297995000,0.8598613000,0.0016101330,1.0265000000,0.8601640000,0.0000000000
582,0.9427984000,0.8493920000,0.0015644000,1.0388000000,0.8515190000,0.0000000000
583,0.9552776000,0.8386220000,0.0015136000,1.0510000000,0.8429630000,0.0000000000
584,0.9672179000,0.8275813000,0.0014585330,1.0629000000,0.8343930000,0.0000000000
585,0.9786000000,0.8163000000,0.0014000000,1.0743000000,0.8256230000,0.0000000000
586,0.9893856000,0.8047947000,0.0013366670,1.0852000000,0.8167640000,0.0000000000
587,0.9995488000,0.7930820000,0.0012700000,1.0952000000,0.8075440000,0.0000000000
588,1.0090892000,0.7811920000,0.0012050000,1.1042000000,0.7979470000,0.0000000000
589,1.0180064000,0.7691547000,0.0011466670,1.1120000000,0.7878930000,0.0000000000
590,1.0263000000,0.7570000000,0.0011000000,1.1185200000,0.7774050000,0.0000000000
591,1.0339827000,0.7447541000,0.0010688000,1.1238000000,0.7664900000,0.0000000000
592,1.0409860000,0.7324224000,0.0010494000,1.1280000000,0.7553090000,0.0000000000
593,1.0471880000,0.7200036000,0.0010356000,1.1311000000,0.7438450000,0.0000000000
594,1.0524667000,0.7074965000,0.0010212000,1.1332000000,0.7321900000,0.0000000000
595,1.0567000000,0.6949000000,0.0010000000,1.1343000000,0.7203530000,0.0000000000
596,1.0597944000,0.6822192000,0.0009686400,1.1343000000,0.7082810000,0.0000000000
597,1.0617992000,0.6694716000,0.0009299200,1.1333000000,0.6960550000,0.0000000000
598,1.0628068000,0.6566744000,0.0008868800,1.1312000000,0.6836210000,0.0000000000
599,1.0629096000,0.6438448000,0.0008425600,1.1281000000,0.6710480000,0.0000000000
600,1.0622000000,0.6310000000,0.0008000000,1.1239900000,0.6583410000,0.0000000000
601,1.0607352000,0.6181555000,0.0007609600,1.1189000000,0.6455450000,0.0000000000
602,1.0584436000,0.6053144000,0.0007236800,1.1129000000,0.6327180000,0.0000000000
603,1.0552244000,0.5924756000,0.0006859200,1.1059000000,0.6198150000,0.0000000000
604,1.0509768000,0.5796379000,0.0006454400,1.0980000000,0.6068870000,0.0000000000
605,1.0456000000,0.5668000000,0.0006000000,1.0891000000,0.5938780000,0.0000000000
606,1.0390369000,0.5539611000,0.0005478667,1.0792000000,0.5807810000,0.0000000000
607,1.0313608000,0.5411372000,0.0004916000,1.0684000000,0.5676530000,0.0000000000
608,1.0226662000,0.5283528000,0.0004354000,1.0567000000,0.5544900000,0.0000000000
609,1.0130477000,0.5156323000,0.0003834667,1.0440000000,0.5412280000,0.0000000000
610,1.0026000000,0.5030000000,0.0003400000,1.0304800000,0.5279630000,0.0000000000
611,0.9913675000,0.4904688000,0.0003072533,1.0160000000,0.5146340000,0.0000000000
612,0.9793314000,0.4780304000,0.0002831600,1.0008000000,0.5013630000,0.0000000000
613,0.9664916000,0.4656776000,0.0002654400,0.9847900000,0.4881240000,0.0000000000
614,0.9528479000,0.4534032000,0.0002518133,0.9680800000,0.4749350000,0.0000000000
615,0.9384000000,0.4412000000,0.0002400000,0.9507400000,0.4618340000,0.0000000000
616,0.9231940000,0.4290800000,0.0002295467,0.9328000000,0.4488230000,0.0000000000
617,0.9072440000,0.4170360000,0.0002206400,0.9143400000,0.4359170000,0.0000000000
618,0.8905020000,0.4050320000,0.0002119600,0.8953900000,0.4231530000,0.0000000000
619,0.8729200000,0.3930320000,0.0002021867,0.8760300000,0.4105260000,0.0000000000
620,0.8544499000,0.3810000000,0.0001900000,0.8562970000,0.3980570000,0.0000000000
621,0.8350840000,0.3689184000,0.0001742133,0.8363500000,0.3858350000,0.0000000000
622,0.8149460000,0.3568272000,0.0001556400,0.8162900000,0.3739510000,0.0000000000
623,0.7941860000,0.3447768000,0.0001359600,0.7960500000,0.3623110000,0.0000000000
624,0.7729540000,0.3328176000,0.0001168533,0.7756100000,0.3508630000,0.0000000000
625,0.7514000000,0.3210000000,0.0001000000,0.7549300000,0.3395540000,0.0000000000
626,0.7295836000,0.3093381000,0.0000861333,0.7339900000,0.3283090000,0.0000000000
627,0.7075888000,0.2978504000,0.0000746000,0.7127800000,0.3171180000,0.0000000000
628,0.6856022000,0.2865936000,0.0000650000,0.6912900000,0.3059360000,0.0000000000
629,0.6638104000,0.2756245000,0.0000569333,0.6695200000,0.2947370000,0.0000000000
630,0.6424000000,0.2650000000,0.0000500000,0.6474670000,0.2834930000,0.0000000000
631,0.6215149000,0.2547632000,0.0000441600,0.6251100000,0.2722220000,0.0000000000
632,0.6011138000,0.2448896000,0.0000394800,0.6025200000,0.2609900000,0.0000000000
633,0.5811052000,0.2353344000,0.0000357200,0.5798900000,0.2498770000,0.0000000000
634,0.5613977000,0.2260528000,0.0000326400,0.5573700000,0.2389460000,0.0000000000
635,0.5419000000,0.2170000000,0.0000300000,0.5351100000,0.2282540000,0.0000000000
636,0.5225995000,0.2081616000,0.0000276533,0.5132400000,0.2178530000,0.0000000000
637,0.5035464000,0.1995488000,0.0000255600,0.4918600000,0.2077800000,0.0000000000
638,0.4847436000,0.1911552000,0.0000236400,0.4710800000,0.1980720000,0.0000000000
639,0.4661939000,0.1829744000,0.0000218133,0.4509600000,0.1887480000,0.0000000000
640,0.4479000000,0.1750000000,0.0000200000,0.4315670000,0.1798280000,0.0000000000
641,0.4298613000,0.1672235000,0.0000181333,0.4128700000,0.1712850000,0.0000000000
642,0.4120980000,0.1596464000,0.0000162000,0.3947500000,0.1630590000,0.0000000000
643,0.3946440000,0.1522776000,0.0000142000,0.3772100000,0.1551510000,0.0000000000
644,0.3775333000,0.1451259000,0.0000121333,0.3601900000,0.1475350000,0.0000000000
645,0.3608000000,0.1382000000,0.0000100000,0.3436900000,0.1402110000,0.0000000000
646,0.3444563000,0.1315003000,0.0000077333,0.3276900000,0.1331700000,0.0000000000
647,0.3285168000,0.1250248000,0.0000054000,0.3121700000,0.1264000000,0.0000000000
648,0.3130192000,0.1187792000,0.0000032000,0.2971100000,0.1198920000,0.0000000000
649,0.2980011000,0.1127691000,0.0000013333,0.2825000000,0.1136400000,0.0000000000
650,0.2835000000,0.1070000000,0.0000000000,0.2683290000,0.1076330000,0.0000000000
651,0.2695448000,0.1014762000,0.0000000000,0.2545900000,0.1018700000,0.0000000000
652,0.2561184000,0.0961886400,0.0000000000,0.2413000000,0.0963470000,0.0000000000
653,0.2431896000,0.0911229600,0.0000000000,0.2284800000,0.0910630000,0.0000000000
654,0.2307272000,0.0862648500,0.0000000000,0.2161400000,0.0860100000,0.0000000000
655,0.2187000000,0.0816000000,0.0000000000,0.2043000000,0.0811870000,0.0000000000
656,0.2070971000,0.0771206400,0.0000000000,0.1929500000,0.0765830000,0.0000000000
657,0.1959232000,0.0728255200,0.0000000000,0.1821100000,0.0721980000,0.0000000000
658,0.1851708000,0.0687100800,0.0000000000,0.1717700000,0.0680240000,0.0000000000
659,0.1748323000,0.0647697600,0.0000000000,0.1619200000,0.0640520000,0.0000000000
660,0.1649000000,0.0610000000,0.0000000000,0.1525680000,0.0602810000,0.0000000000
661,0.1553667000,0.0573962100,0.0000000000,0.1436700000,0.0566970000,0.0000000000
662,0.1462300000,0.0539550400,0.0000000000,0.1352000000,0.0532920000,0.0000000000
663,0.1374900000,0.0506737600,0.0000000000,0.1271300000,0.0500590000,0.0000000000
664,0.1291467000,0.0475496500,0.0000000000,0.1194800000,0.0469980000,0.0000000000
665,0.1212000000,0.0445800000,0.0000000000,0.1122100000,0.0440960000,0.0000000000
666,0.1136397000,0.0417587200,0.0000000000,0.1053100000,0.0413450000,0.0000000000
667,0.1064650000,0.0390849600,0.0000000000,0.0987860000,0.0387507000,0.0000000000
668,0.0996904400,0.0365638400,0.0000000000,0.0926100000,0.0362978000,0.0000000000
669,0.0933306100,0.0342004800,0.0000000000,0.0867730000,0.0339832000,0.0000000000
670,0.0874000000,0.0320000000,0.0000000000,0.0812606000,0.0318004000,0.0000000000
671,0.0819009600,0.0299626100,0.0000000000,0.0760480000,0.0297395000,0.0000000000
672,0.0768042800,0.0280766400,0.0000000000,0.0711140000,0.0277918000,0.0000000000
673,0.0720771200,0.0263293600,0.0000000000,0.0664540000,0.0259551000,0.0000000000
674,0.0676866400,0.0247080500,0.0000000000,0.0620620000,0.0242263000,0.0000000000
675,0.0636000000,0.0232000000,0.0000000000,0.0579300000,0.0226017000,0.0000000000
676,0.0598068500,0.0218007700,0.0000000000,0.0540500000,0.0210779000,0.0000000000
677,0.0562821600,0.0205011200,0.0000000000,0.0504120000,0.0196505000,0.0000000000
678,0.0529710400,0.0192810800,0.0000000000,0.0470060000,0.0183153000,0.0000000000
679,0.0498186100,0.0181206900,0.0000000000,0.0438230000,0.0170686000,0.0000000000
680,0.0467700000,0.0170000000,0.0000000000,0.0408508000,0.0159051000,0.0000000000
681,0.0437840500,0.0159037900,0.0000000000,0.0380720000,0.0148183000,0.0000000000
682,0.0408753600,0.0148371800,0.0000000000,0.0354680000,0.0138008000,0.0000000000
683,0.0380726400,0.0138106800,0.0000000000,0.0330310000,0.0128495000,0.0000000000
684,0.0354046100,0.0128347800,0.0000000000,0.0307530000,0.0119607000,0.0000000000
685,0.0329000000,0.0119200000,0.0000000000,0.0286230000,0.0111303000,0.0000000000
686,0.0305641900,0.0110683100,0.0000000000,0.0266350000,0.0103555000,0.0000000000
687,0.0283805600,0.0102733900,0.0000000000,0.0247810000,0.0096332000,0.0000000000
688,0.0263448400,0.0095333110,0.0000000000,0.0230520000,0.0089599000,0.0000000000
689,0.0244527500,0.0088461570,0.0000000000,0.0214410000,0.0083324000,0.0000000000
690,0.0227000000,0.0082100000,0.0000000000,0.0199413000,0.0077488000,0.0000000000
691,0.0210842900,0.0076237810,0.0000000000,0.0185440000,0.0072046000,0.0000000000
692,0.0195998800,0.0070854240,0.0000000000,0.0172410000,0.0066975000,0.0000000000
693,0.0182373200,0.0065914760,0.0000000000,0.0160270000,0.0062251000,0.0000000000
694,0.0169871700,0.0061384850,0.0000000000,0.0148960000,0.0057850000,0.0000000000
695,0.0158400000,0.0057230000,0.0000000000,0.0138420000,0.0053751000,0.0000000000
696,0.0147906400,0.0053430590,0.0000000000,0.0128620000,0.0049941000,0.0000000000
697,0.0138313200,0.0049957960,0.0000000000,0.0119490000,0.0046392000,0.0000000000
698,0.0129486800,0.0046764040,0.0000000000,0.0111000000,0.0043093000,0.0000000000
699,0.0121292000,0.0043800750,0.0000000000,0.0103110000,0.0040028000,0.0000000000
700,0.0113591600,0.0041020000,0.0000000000,0.0095768800,0.0037177400,0.0000000000
701,0.0106293500,0.0038384530,0.0000000000,0.0088940000,0.0034526200,0.0000000000
702,0.0099388460,0.0035890990,0.0000000000,0.0082581000,0.0032058300,0.0000000000
703,0.0092884220,0.0033542190,0.0000000000,0.0076664000,0.0029762300,0.0000000000
704,0.0086788540,0.0031340930,0.0000000000,0.0071163000,0.0027628100,0.0000000000
705,0.0081109160,0.0029290000,0.0000000000,0.0066052000,0.0025645600,0.0000000000
706,0.0075823880,0.0027381390,0.0000000000,0.0061306000,0.0023804800,0.0000000000
707,0.0070887460,0.0025598760,0.0000000000,0.0056903000,0.0022097100,0.0000000000
708,0.0066273130,0.0023932440,0.0000000000,0.0052819000,0.0020513200,0.0000000000
709,0.0061954080,0.0022372750,0.0000000000,0.0049033000,0.0019044900,0.0000000000
710,0.0057903460,0.0020910000,0.0000000000,0.0045526300,0.0017684700,0.0000000000
711,0.0054098260,0.0019535870,0.0000000000,0.0042275000,0.0016423600,0.0000000000
712,0.0050525830,0.0018245800,0.0000000000,0.0039258000,0.0015253500,0.0000000000
713,0.0047175120,0.0017035800,0.0000000000,0.0036457000,0.0014167200,0.0000000000
714,0.0044035070,0.0015901870,0.0000000000,0.0033859000,0.0013159500,0.0000000000
715,0.0041094570,0.0014840000,0.0000000000,0.0031447000,0.0012223900,0.0000000000
716,0.0038339130,0.0013844960,0.0000000000,0.0029208000,0.0011355500,0.0000000000
717,0.0035757480,0.0012912680,0.0000000000,0.0027130000,0.0010549400,0.0000000000
718,0.0033343420,0.0012040920,0.0000000000,0.0025202000,0.0009801400,0.0000000000
719,0.0031090750,0.0011227440,0.0000000000,0.0023411000,0.0009106600,0.0000000000
720,0.0028993270,0.0010470000,0.0000000000,0.0021749600,0.0008461900,0.0000000000
721,0.0027043480,0.0009765896,0.0000000000,0.0020206000,0.0007862900,0.0000000000
722,0.0025230200,0.0009111088,0.0000000000,0.0018773000,0.0007306800,0.0000000000
723,0.0023541680,0.0008501332,0.0000000000,0.0017441000,0.0006789900,0.0000000000
724,0.0021966160,0.0007932384,0.0000000000,0.0016205000,0.0006310100,0.0000000000
725,0.0020491900,0.0007400000,0.0000000000,0.0015057000,0.0005864400,0.0000000000
726,0.0019109600,0.0006900827,0.0000000000,0.0013992000,0.0005451100,0.0000000000
727,0.0017814380,0.0006433100,0.0000000000,0.0013004000,0.0005067200,0.0000000000
728,0.0016601100,0.0005994960,0.0000000000,0.0012087000,0.0004711100,0.0000000000
729,0.0015464590,0.0005584547,0.0000000000,0.0011236000,0.0004380500,0.0000000000
730,0.0014399710,0.0005200000,0.0000000000,0.0010447600,0.0004074100,0.0000000000
731,0.0013400420,0.0004839136,0.0000000000,0.0009715600,0.0003789620,0.0000000000
732,0.0012462750,0.0004500528,0.0000000000,0.0009036000,0.0003525430,0.0000000000
733,0.0011584710,0.0004183452,0.0000000000,0.0008404800,0.0003280010,0.0000000000
734,0.0010764300,0.0003887184,0.0000000000,0.0007818700,0.0003052080,0.0000000000
735,0.0009999493,0.0003611000,0.0000000000,0.0007274500,0.0002840410,0.0000000000
736,0.0009287358,0.0003353835,0.0000000000,0.0006769000,0.0002643750,0.0000000000
737,0.0008624332,0.0003114404,0.0000000000,0.0006299600,0.0002461090,0.0000000000
738,0.0008007503,0.0002891656,0.0000000000,0.0005863700,0.0002291430,0.0000000000
739,0.0007433960,0.0002684539,0.0000000000,0.0005458700,0.0002133760,0.0000000000
740,0.0006900786,0.0002492000,0.0000000000,0.0005082580,0.0001987300,0.0000000000
741,0.0006405156,0.0002313019,0.0000000000,0.0004733000,0.0001851150,0.0000000000
742,0.0005945021,0.0002146856,0.0000000000,0.0004408000,0.0001724540,0.0000000000
743,0.0005518646,0.0001992884,0.0000000000,0.0004105800,0.0001606780,0.0000000000
744,0.0005124290,0.0001850475,0.0000000000,0.0003824900,0.0001497300,0.0000000000
745,0.0004760213,0.0001719000,0.0000000000,0.0003563800,0.0001395500,0.0000000000
746,0.0004424536,0.0001597781,0.0000000000,0.0003321100,0.0001300860,0.0000000000
747,0.0004115117,0.0001486044,0.0000000000,0.0003095500,0.0001212900,0.0000000000
748,0.0003829814,0.0001383016,0.0000000000,0.0002885800,0.0001131060,0.0000000000
749,0.0003566491,0.0001287925,0.0000000000,0.0002690900,0.0001055010,0.0000000000
750,0.0003323011,0.0001200000,0.0000000000,0.0002509690,0.0000984280,0.0000000000
751,0.0003097586,0.0001118595,0.0000000000,0.0002341300,0.0000918530,0.0000000000
752,0.0002888871,0.0001043224,0.0000000000,0.0002184700,0.0000857380,0.0000000000
753,0.0002695394,0.0000973356,0.0000000000,0.0002039100,0.0000800480,0.0000000000
754,0.0002515682,0.0000908459,0.0000000000,0.0001903500,0.0000747510,0.0000000000
755,0.0002348261,0.0000848000,0.0000000000,0.0001777300,0.0000698190,0.0000000000
756,0.0002191710,0.0000791467,0.0000000000,0.0001659700,0.0000652220,0.0000000000
757,0.0002045258,0.0000738580,0.0000000000,0.0001550200,0.0000609390,0.0000000000
758,0.0001908405,0.0000689160,0.0000000000,0.0001448000,0.0000569420,0.0000000000
759,0.0001780654,0.0000643027,0.0000000000,0.0001352800,0.0000532170,0.0000000000
760,0.0001661505,0.0000600000,0.0000000000,0.0001263900,0.0000497370,0.0000000000
761,0.0001550236,0.0000559819,0.0000000000,0.0001181000,0.0000464910,0.0000000000
762,0.0001446219,0.0000522256,0.0000000000,0.0001103700,0.0000434640,0.0000000000
763,0.0001349098,0.0000487184,0.0000000000,0.0001031500,0.0000406350,0.0000000000
764,0.0001258520,0.0000454475,0.0000000000,0.0000964270,0.0000380000,0.0000000000
765,0.0001174130,0.0000424000,0.0000000000,0.0000901510,0.0000355405,0.0000000000
766,0.0001095515,0.0000395610,0.0000000000,0.0000842940,0.0000332448,0.0000000000
767,0.0001022245,0.0000369151,0.0000000000,0.0000788300,0.0000311006,0.0000000000
768,0.0000953945,0.0000344487,0.0000000000,0.0000737290,0.0000290990,0.0000000000
769,0.0000890239,0.0000321482,0.0000000000,0.0000689690,0.0000272307,0.0000000000
770,0.0000830753,0.0000300000,0.0000000000,0.0000645258,0.0000254860,0.0000000000
771,0.0000775127,0.0000279913,0.0000000000,0.0000603760,0.0000238561,0.0000000000
772,0.0000723130,0.0000261136,0.0000000000,0.0000565000,0.0000223332,0.0000000000
773,0.0000674578,0.0000243602,0.0000000000,0.0000528800,0.0000209104,0.0000000000
774,0.0000629284,0.0000227246,0.0000000000,0.0000494980,0.0000195808,0.0000000000
775,0.0000587065,0.0000212000,0.0000000000,0.0000463390,0.0000183384,0.0000000000
776,0.0000547703,0.0000197786,0.0000000000,0.0000433890,0.0000171777,0.0000000000
777,0.0000510992,0.0000184529,0.0000000000,0.0000406340,0.0000160934,0.0000000000
778,0.0000476765,0.0000172169,0.0000000000,0.0000380600,0.0000150800,0.0000000000
779,0.0000444857,0.0000160646,0.0000000000,0.0000356570,0.0000141336,0.0000000000
780,0.0000415099,0.0000149900,0.0000000000,0.0000334117,0.0000132490,0.0000000000